Workbook

Sheet Summary
A1: Scale Test Wallet Dashboard
A2: Generated: 2026-03-27 06:34 UTC
A5: Total Wallets | B5: =COUNTA(Wallets!A2:A5001) -> 5000 | C5: ← links live to Wallets sheet
A6: Total Capital Seeded | B6: =SUM(Wallets!C2:C5001) -> 1000000
A7: Capital per Wallet | B7: =B6/B5 -> 200
A8: Wallets with Trades | B8: =COUNTIF(Wallets!E2:E5001,">0") -> 0 | C8: ← wallets that completed ≥1 trade
A9: Total Trades | B9: =SUM(Wallets!E2:E5001) -> 0
A10: Total Winning Trades | B10: =SUM(Wallets!F2:F5001) -> 0
A11: Overall Win Rate | B11: =IFERROR(B10/B9,"-") -> -
A12: Total PnL ($) | B12: =SUM(Wallets!D2:D5001) -> 0
A13: Avg PnL per Wallet | B13: =IFERROR(B12/B5,"-") -> 0
A14: Best Performer | B14: =IFERROR(MAX(Wallets!D2:D5001),"-") -> 0
A15: Worst Performer | B15: =IFERROR(MIN(Wallets!D2:D5001),"-") -> 0

Sheet Wallets
A1: Wallet Name | B1: Wallet ID | C1: Starting Capital ($) | D1: PnL ($) | E1: Total Trades | F1: Winning Trades | G1: Win Rate | H1: Current Equity ($)
A2: Aaron Ash | B2: 5c000001-0000-0000-0000-000000000001 | C2: 200 | D2: 0 | E2: 0 | F2: 0 | G2: =IFERROR(F2/E2,"-") -> - | H2: =C2+D2 -> 200
A3: Aaron Bay | B3: 5c000002-0000-0000-0000-000000000002 | C3: 200 | D3: 0 | E3: 0 | F3: 0 | G3: =IFERROR(F3/E3,"-") -> - | H3: =C3+D3 -> 200
A4: Aaron Blake | B4: 5c000003-0000-0000-0000-000000000003 | C4: 200 | D4: 0 | E4: 0 | F4: 0 | G4: =IFERROR(F4/E4,"-") -> - | H4: =C4+D4 -> 200
A5: Aaron Bolt | B5: 5c000004-0000-0000-0000-000000000004 | C5: 200 | D5: 0 | E5: 0 | F5: 0 | G5: =IFERROR(F5/E5,"-") -> - | H5: =C5+D5 -> 200
A6: Aaron Bridge | B6: 5c000005-0000-0000-0000-000000000005 | C6: 200 | D6: 0 | E6: 0 | F6: 0 | G6: =IFERROR(F6/E6,"-") -> - | H6: =C6+D6 -> 200
A7: Aaron Brooks | B7: 5c000006-0000-0000-0000-000000000006 | C7: 200 | D7: 0 | E7: 0 | F7: 0 | G7: =IFERROR(F7/E7,"-") -> - | H7: =C7+D7 -> 200
A8: Aaron Chase | B8: 5c000007-0000-0000-0000-000000000007 | C8: 200 | D8: 0 | E8: 0 | F8: 0 | G8: =IFERROR(F8/E8,"-") -> - | H8: =C8+D8 -> 200
A9: Aaron Clay | B9: 5c000008-0000-0000-0000-000000000008 | C9: 200 | D9: 0 | E9: 0 | F9: 0 | G9: =IFERROR(F9/E9,"-") -> - | H9: =C9+D9 -> 200
A10: Aaron Colt | B10: 5c000009-0000-0000-0000-000000000009 | C10: 200 | D10: 0 | E10: 0 | F10: 0 | G10: =IFERROR(F10/E10,"-") -> - | H10: =C10+D10 -> 200
A11: Aaron Crane | B11: 5c00000a-0000-0000-0000-00000000000a | C11: 200 | D11: 0 | E11: 0 | F11: 0 | G11: =IFERROR(F11/E11,"-") -> - | H11: =C11+D11 -> 200
A12: Aaron Crest | B12: 5c00000b-0000-0000-0000-00000000000b | C12: 200 | D12: 0 | E12: 0 | F12: 0 | G12: =IFERROR(F12/E12,"-") -> - | H12: =C12+D12 -> 200
A13: Aaron Cross | B13: 5c00000c-0000-0000-0000-00000000000c | C13: 200 | D13: 0 | E13: 0 | F13: 0 | G13: =IFERROR(F13/E13,"-") -> - | H13: =C13+D13 -> 200
... A5001: Iris Peak | B5001: 5c001388-0000-0000-0000-000000001388 | C5001: 200 | D5001: 0 | E5001: 0 | F5001: 0 | G5001: =IFERROR(F5001/E5001,"-") -> - | H5001: =C5001+D5001 -> 200
A5002: TOTAL | C5002: =SUM(C2:C5001) -> 1000000 | D5002: =SUM(D2:D5001) -> 0 | E5002: =SUM(E2:E5001) -> 0 | F5002: =SUM(F2:F5001) -> 0 | G5002: =IFERROR(F5002/E5002,"-") -> - | H5002: =SUM(H2:H5001) -> 1000000
